Program name,Program Page url
Master of Science in Accounting,https://www.brockport.edu/academics/graduate-programs/
Adapted Physical Education (Advanced Certificate),https://www.brockport.edu/academics/kinesiology/adapted-physical-education/physical-education-track-masters/
Master of Science in Education in Adolescence Education: Biology,https://explore.suny.edu/programs/state-university-college-at-brockport-adolescence-education-biology-master-master-of-education-1470329456334
Adolescence Education: Biology + Students with Disabilities Certification (Advanced Certificate),https://www.brockport.edu/academics/graduate-programs/
Master of Science in Education in Adolescence Education: Biology + Students with Disabilities Certification,https://www.brockport.edu/academics/biology/adolescence-biology-major/
Master of Science in Education in Adolescence Education: Chemistry,https://www.brockport.edu/academics/graduate-programs/
Adolescence Education: Chemistry + Students with Disabilities Certification (Advanced Certificate),https://www.brockport.edu/academics/graduate-programs/
Master of Science in Education in Adolescence Education: Chemistry + Students with Disabilities Certification,https://www.brockport.edu/academics/graduate-programs/
Master of Science in Education in Adolescence Education: Earth Science,https://www.brockport.edu/academics/graduate-programs/
Master of Science in Education in Adolescence Education: Earth Science + Students with Disabilities Certification,https://www.brockport.edu/academics/graduate-programs/
Adolescence Education: Earth Science + Students with Disabilities Certification (Advanced Certificate),https://www.brockport.edu/academics/graduate-programs/
Master of Science in Education in Adolescence Education: English,https://www.brockport.edu/academics/graduate-programs/
Adolescence Education: English + Students with Disabilities Certification (Advanced Certificate),https://www.brockport.edu/academics/graduate-programs/
Master of Science in Education in Adolescence Education: English + Students with Disabilities Certification,https://www.brockport.edu/academics/education/english-masters/
Master of Science in Education in Adolescence Education: Mathematics,https://www.brockport.edu/academics/graduate-programs/
Adolescence Education: Mathematics + Students with Disabilities Certification (Advanced Certificate),https://www.brockport.edu/academics/graduate-programs/
Master of Science in Education in Adolescence Education: Mathematics + Students with Disabilities Certification,https://www.brockport.edu/academics/graduate-programs/
Master of Science in Education in Adolescence Education: Physics,https://www.brockport.edu/live/profiles/adolescence-education-physics-msed
Adolescence Education: Physics + Students with Disabilities Certification (Advanced Certificate),https://www.brockport.edu/academics/graduate-programs/
Master of Science in Education in Adolescence Education: Physics + Students with Disabilities Certification,https://www.brockport.edu/academics/graduate-programs/
Master of Science in Education in Adolescence Education: Social Studies,https://www.brockport.edu/academics/graduate-programs/
Adolescence Education: Social Studies + Students with Disabilities Certification (Advanced Certificate),https://www.brockport.edu/academics/graduate-programs/
Master of Science in Education in Adolescence Education: Social Studies + Students with Disabilities Certification,https://www.brockport.edu/academics/graduate-programs/
Aging Studies (Advanced Certificate),https://www.brockport.edu/academics/aging/
Master of Science in Athletic Administration,https://www.brockport.edu/live/profiles/athletic-administration-ms
Master of Science in Athletic Training,https://www.brockport.edu/academics/graduate-programs/
Bilingual Education (Advanced Certificate),https://www.brockport.edu/live/profiles/bilingual-education-cert
Master of Science in Education in Bilingual Education,https://www.brockport.edu/academics/graduate-programs/
Master of Business Administration,https://www.brockport.edu/academics/graduate-programs/
Master of Science in Chemistry,https://www.brockport.edu/academics/graduate-programs/
Master of Science in Education in Childhood Inclusive Education,https://www.brockport.edu/live/profiles/childhood-inclusive-education-msed
Master of Science in College Student Affairs & Development,https://www.brockport.edu/academics/graduate-programs/
Master of Science in Computing Sciences,https://www.brockport.edu/academics/graduate-programs/
Creative Writing (Advanced Certificate),https://www.brockport.edu/academics/graduate-programs/
Doctor of Education in Educational Leadership,https://www.brockport.edu/academics/graduate-programs/
Master of Arts in English – Creative Writing,https://cla.auburn.edu/english/programs/graduate-degrees/master-of-arts-in-english/creative-writing/
Master of Arts in English – Literature,https://www.brockport.edu/academics/graduate-programs/
Master of Science in Environmental Science & Ecology,https://www.brockport.edu/academics/graduate-programs/
Master of Healthcare Administration,https://www.brockport.edu/academics/healthcare-studies/healthcare-administration-masters/
Master of Science in Education in Higher Education Administration,https://www.brockport.edu/academics/counselor-education/higher-education-administration/
Master of Arts in History,https://www.brockport.edu/academics/graduate-programs/
Master of Science in Instructional Design,https://www.brockport.edu/academics/graduate-programs/
Instructional Design (Advanced Certificate),https://www.brockport.edu/academics/education/instructional-design/
Master of Arts in Liberal Studies,https://www.brockport.edu/academics/graduate-programs/
Master of Science in Education in Literacy Education Program,https://www.brockport.edu/academics/graduate-programs/
Local Government Management (Advanced Certificate),https://www.brockport.edu/academics/public-administration/local-government-management-advanced-certificate/
Master of Science in Mental Health Counseling,https://www.brockport.edu/academics/graduate-programs/
Certificate of Advanced Study in Mental Health Counseling Bridge,https://www.brockport.edu/academics/graduate-programs/
Nonprofit Management (Advanced Certificate),https://www.brockport.edu/academics/public-administration/nonprofit-management-certificate/
Master of Science in Nursing - Adult Gerontology Primary Care Nurse Practitioner,https://www.brockport.edu/academics/graduate-programs/
Doctor of Nursing Practice,https://www.brockport.edu/academics/nursing-graduate/doctor-of-nursing-practice/
Certificate of Advanced Study in Nursing - Family Nurse Practitioner,https://www.brockport.edu/academics/graduate-programs/
Master of Science in Nursing - Family Nurse Practitioner,https://www.brockport.edu/academics/graduate-programs/
Master of Science in Nursing Education,https://www.endicott.edu/academics/schools/nursing/graduate-programs/masters-program/nursing-education-program
Master of Science in Education in Physical Education - Adapted,https://www.nestle.com/jobs/students-graduates
Master of Science in Education in Physical Education - Athletic Administration,https://www.brockport.edu/academics/graduate-programs/
Master of Science in Education in Physical Education - Teacher Education Pedagogy,https://www.brockport.edu/academics/graduate-programs/
Master of Arts in Psychology,https://www.brockport.edu/academics/graduate-programs/
Master of Public Administration,https://www.brockport.edu/academics/graduate-programs/
Public Health (Advanced Certificate),https://www.brockport.edu/academics/graduate-programs/
Master of Public Health,https://www.brockport.edu/academics/public-health/masters/
Certificate of Advanced Study in School Building/District Leader,https://www.brockport.edu/academics/graduate-programs/
Certificate of Advanced Study in School Counseling,https://www.brockport.edu/academics/graduate-programs/
Master of Science in Education in School Counseling,https://www.brockport.edu/academics/graduate-programs/
Master of Science in Education in School District Business Leader,https://www.brockport.edu/academics/educational-administration/district-business-leader/
Certificate of Advanced Study in School District Business Leader,https://www.asbonewyork.org/page/sdblprograms
Master of Science in Education in School Health Education,https://www.brockport.edu/academics/graduate-programs/
Master of Social Work,https://www.brockport.edu/academics/graduate-programs/
Teacher Leader (Advanced Certificate),https://www.brockport.edu/academics/graduate-programs/
Master of Science in Education in Teaching English to Speakers of Other Languages,https://www.brockport.edu/live/profiles/teaching-english-to-speakers-of-other-languages-msed
Advanced Certificate in Teaching English to Speakers of Other Languages,https://www.brockport.edu/live/profiles/teaching-english-to-speakers-of-other-languages-cert
Women & Gender Studies (Advanced Certificate),https://www.brockport.edu/academics/graduate-programs/
